Month,MonthEnd,Channel,Region,Spend,Currency,BudgetOwner,IsPaid
2025-04,2025-04-30,Paid Search,AMER,9600,USD,Marketing,true
2025-04,2025-04-30,Paid Search,EMEA,5300,USD,Marketing,true
2025-04,2025-04-30,Paid Search,APAC,3850,USD,Marketing,true
2025-04,2025-04-30,Paid Social,AMER,5350,USD,Marketing,true
2025-04,2025-04-30,Paid Social,EMEA,1900,USD,Marketing,true
2025-04,2025-04-30,Organic Search,AMER,1600,USD,Marketing,false
2025-04,2025-04-30,AI Assistant Referral,AMER,400,USD,Marketing,false
2025-04,2025-04-30,AI Assistant Referral,APAC,400,USD,Marketing,false
2025-04,2025-04-30,Docs & Quickstarts,AMER,400,USD,Marketing,false
2025-04,2025-04-30,Docs & Quickstarts,EMEA,400,USD,Marketing,false
2025-04,2025-04-30,Docs & Quickstarts,APAC,400,USD,Marketing,false
2025-04,2025-04-30,Docs & Quickstarts,LATAM,400,USD,Marketing,false
2025-04,2025-04-30,Developer Community,APAC,400,USD,Marketing,false
2025-04,2025-04-30,Webinar,AMER,1650,USD,Marketing,false
2025-04,2025-04-30,Webinar,EMEA,1550,USD,Marketing,false
2025-04,2025-04-30,Webinar,APAC,850,USD,Marketing,false
2025-04,2025-04-30,Conference,EMEA,4500,USD,Marketing,true
2025-04,2025-04-30,Conference,APAC,3250,USD,Marketing,true
2025-04,2025-04-30,Outbound Sequence,AMER,7450,USD,Sales Development,false
2025-04,2025-04-30,Outbound Sequence,LATAM,650,USD,Sales Development,false
2025-04,2025-04-30,Partner / Marketplace,LATAM,400,USD,Marketing,false
2025-04,2025-04-30,Customer Referral,AMER,450,USD,Marketing,false
2025-05,2025-05-31,Paid Search,AMER,8400,USD,Marketing,true
2025-05,2025-05-31,Paid Search,APAC,3800,USD,Marketing,true
2025-05,2025-05-31,Paid Social,APAC,1350,USD,Marketing,true
2025-05,2025-05-31,Paid Social,LATAM,400,USD,Marketing,true
2025-05,2025-05-31,AI Assistant Referral,AMER,400,USD,Marketing,false
2025-05,2025-05-31,AI Assistant Referral,EMEA,400,USD,Marketing,false
2025-05,2025-05-31,AI Assistant Referral,LATAM,400,USD,Marketing,false
2025-05,2025-05-31,Docs & Quickstarts,AMER,400,USD,Marketing,false
2025-05,2025-05-31,Docs & Quickstarts,APAC,400,USD,Marketing,false
2025-05,2025-05-31,Developer Community,APAC,400,USD,Marketing,false
2025-05,2025-05-31,Developer Community,LATAM,400,USD,Marketing,false
2025-05,2025-05-31,Webinar,AMER,1450,USD,Marketing,false
2025-05,2025-05-31,Webinar,EMEA,1050,USD,Marketing,false
2025-05,2025-05-31,Conference,APAC,2000,USD,Marketing,true
2025-05,2025-05-31,Conference,LATAM,650,USD,Marketing,true
2025-05,2025-05-31,Outbound Sequence,AMER,7000,USD,Sales Development,false
2025-05,2025-05-31,Outbound Sequence,APAC,2700,USD,Sales Development,false
2025-05,2025-05-31,Outbound Sequence,LATAM,750,USD,Sales Development,false
2025-05,2025-05-31,Partner / Marketplace,EMEA,1200,USD,Marketing,false
2025-05,2025-05-31,Partner / Marketplace,APAC,600,USD,Marketing,false
2025-05,2025-05-31,Partner / Marketplace,LATAM,400,USD,Marketing,false
2025-05,2025-05-31,Customer Referral,EMEA,400,USD,Marketing,false
2025-05,2025-05-31,Customer Referral,APAC,400,USD,Marketing,false
2025-06,2025-06-30,Paid Search,AMER,8000,USD,Marketing,true
2025-06,2025-06-30,Paid Search,EMEA,4800,USD,Marketing,true
2025-06,2025-06-30,Paid Search,APAC,2400,USD,Marketing,true
2025-06,2025-06-30,Paid Search,LATAM,700,USD,Marketing,true
2025-06,2025-06-30,Paid Social,AMER,2600,USD,Marketing,true
2025-06,2025-06-30,Paid Social,EMEA,2550,USD,Marketing,true
2025-06,2025-06-30,Paid Social,LATAM,400,USD,Marketing,true
2025-06,2025-06-30,Organic Search,EMEA,750,USD,Marketing,false
2025-06,2025-06-30,AI Assistant Referral,EMEA,400,USD,Marketing,false
2025-06,2025-06-30,AI Assistant Referral,APAC,400,USD,Marketing,false
2025-06,2025-06-30,AI Assistant Referral,LATAM,400,USD,Marketing,false
2025-06,2025-06-30,Docs & Quickstarts,AMER,400,USD,Marketing,false
2025-06,2025-06-30,Docs & Quickstarts,APAC,400,USD,Marketing,false
2025-06,2025-06-30,Developer Community,AMER,500,USD,Marketing,false
2025-06,2025-06-30,Developer Community,EMEA,400,USD,Marketing,false
2025-06,2025-06-30,Developer Community,APAC,400,USD,Marketing,false
2025-06,2025-06-30,Developer Community,LATAM,400,USD,Marketing,false
2025-06,2025-06-30,Webinar,EMEA,900,USD,Marketing,false
2025-06,2025-06-30,Webinar,APAC,750,USD,Marketing,false
2025-06,2025-06-30,Webinar,LATAM,400,USD,Marketing,false
2025-06,2025-06-30,Conference,AMER,5250,USD,Marketing,true
2025-06,2025-06-30,Conference,EMEA,2600,USD,Marketing,true
2025-06,2025-06-30,Conference,APAC,2100,USD,Marketing,true
2025-06,2025-06-30,Outbound Sequence,APAC,2750,USD,Sales Development,false
2025-06,2025-06-30,Partner / Marketplace,AMER,1750,USD,Marketing,false
2025-06,2025-06-30,Partner / Marketplace,APAC,850,USD,Marketing,false
2025-06,2025-06-30,Partner / Marketplace,LATAM,400,USD,Marketing,false
2025-06,2025-06-30,Customer Referral,EMEA,400,USD,Marketing,false
2025-06,2025-06-30,Customer Referral,APAC,400,USD,Marketing,false
2025-07,2025-07-31,Paid Social,AMER,4250,USD,Marketing,true
2025-07,2025-07-31,Organic Search,APAC,450,USD,Marketing,false
2025-07,2025-07-31,AI Assistant Referral,AMER,400,USD,Marketing,false
2025-07,2025-07-31,AI Assistant Referral,LATAM,400,USD,Marketing,false
2025-07,2025-07-31,Docs & Quickstarts,APAC,400,USD,Marketing,false
2025-07,2025-07-31,Docs & Quickstarts,LATAM,400,USD,Marketing,false
2025-07,2025-07-31,Developer Community,AMER,500,USD,Marketing,false
2025-07,2025-07-31,Developer Community,APAC,400,USD,Marketing,false
2025-07,2025-07-31,Developer Community,LATAM,400,USD,Marketing,false
2025-07,2025-07-31,Webinar,APAC,800,USD,Marketing,false
2025-07,2025-07-31,Conference,AMER,7600,USD,Marketing,true
2025-07,2025-07-31,Conference,EMEA,2950,USD,Marketing,true
2025-07,2025-07-31,Conference,APAC,3100,USD,Marketing,true
2025-07,2025-07-31,Conference,LATAM,550,USD,Marketing,true
2025-07,2025-07-31,Outbound Sequence,EMEA,2850,USD,Sales Development,false
2025-07,2025-07-31,Outbound Sequence,APAC,2500,USD,Sales Development,false
2025-07,2025-07-31,Partner / Marketplace,EMEA,1100,USD,Marketing,false
2025-07,2025-07-31,Customer Referral,EMEA,400,USD,Marketing,false
2025-08,2025-08-31,Paid Search,LATAM,900,USD,Marketing,true
2025-08,2025-08-31,Organic Search,AMER,1000,USD,Marketing,false
2025-08,2025-08-31,Organic Search,EMEA,1000,USD,Marketing,false
2025-08,2025-08-31,Organic Search,LATAM,400,USD,Marketing,false
2025-08,2025-08-31,AI Assistant Referral,LATAM,400,USD,Marketing,false
2025-08,2025-08-31,Docs & Quickstarts,AMER,600,USD,Marketing,false
2025-08,2025-08-31,Docs & Quickstarts,APAC,400,USD,Marketing,false
2025-08,2025-08-31,Developer Community,AMER,650,USD,Marketing,false
2025-08,2025-08-31,Developer Community,APAC,400,USD,Marketing,false
2025-08,2025-08-31,Developer Community,LATAM,400,USD,Marketing,false
2025-08,2025-08-31,Webinar,EMEA,1000,USD,Marketing,false
2025-08,2025-08-31,Conference,APAC,2100,USD,Marketing,true
2025-08,2025-08-31,Conference,LATAM,700,USD,Marketing,true
2025-08,2025-08-31,Outbound Sequence,APAC,2550,USD,Sales Development,false
2025-08,2025-08-31,Partner / Marketplace,EMEA,700,USD,Marketing,false
2025-08,2025-08-31,Partner / Marketplace,APAC,550,USD,Marketing,false
2025-08,2025-08-31,Partner / Marketplace,LATAM,400,USD,Marketing,false
2025-08,2025-08-31,Customer Referral,EMEA,400,USD,Marketing,false
2025-08,2025-08-31,Customer Referral,APAC,400,USD,Marketing,false
2025-08,2025-08-31,Customer Referral,LATAM,400,USD,Marketing,false
2025-09,2025-09-30,Paid Search,AMER,7550,USD,Marketing,true
2025-09,2025-09-30,Paid Social,AMER,4850,USD,Marketing,true
2025-09,2025-09-30,Paid Social,EMEA,1900,USD,Marketing,true
2025-09,2025-09-30,Paid Social,LATAM,500,USD,Marketing,true
2025-09,2025-09-30,AI Assistant Referral,APAC,400,USD,Marketing,false
2025-09,2025-09-30,Developer Community,AMER,700,USD,Marketing,false
2025-09,2025-09-30,Developer Community,APAC,400,USD,Marketing,false
2025-09,2025-09-30,Webinar,AMER,2200,USD,Marketing,false
2025-09,2025-09-30,Webinar,EMEA,1800,USD,Marketing,false
2025-09,2025-09-30,Webinar,APAC,1000,USD,Marketing,false
2025-09,2025-09-30,Webinar,LATAM,400,USD,Marketing,false
2025-09,2025-09-30,Conference,LATAM,600,USD,Marketing,true
2025-09,2025-09-30,Outbound Sequence,AMER,7050,USD,Sales Development,false
2025-09,2025-09-30,Outbound Sequence,EMEA,2850,USD,Sales Development,false
2025-09,2025-09-30,Outbound Sequence,APAC,4050,USD,Sales Development,false
2025-09,2025-09-30,Outbound Sequence,LATAM,700,USD,Sales Development,false
2025-09,2025-09-30,Partner / Marketplace,AMER,1200,USD,Marketing,false
2025-09,2025-09-30,Partner / Marketplace,EMEA,1100,USD,Marketing,false
2025-09,2025-09-30,Customer Referral,EMEA,400,USD,Marketing,false
2025-09,2025-09-30,Customer Referral,APAC,400,USD,Marketing,false
2025-09,2025-09-30,Customer Referral,LATAM,400,USD,Marketing,false
2025-10,2025-10-31,Paid Search,AMER,6100,USD,Marketing,true
2025-10,2025-10-31,Paid Search,EMEA,3850,USD,Marketing,true
2025-10,2025-10-31,Paid Search,APAC,5100,USD,Marketing,true
2025-10,2025-10-31,Paid Search,LATAM,950,USD,Marketing,true
2025-10,2025-10-31,Paid Social,AMER,3500,USD,Marketing,true
2025-10,2025-10-31,Paid Social,APAC,1500,USD,Marketing,true
2025-10,2025-10-31,Paid Social,LATAM,550,USD,Marketing,true
2025-10,2025-10-31,Organic Search,EMEA,1400,USD,Marketing,false
2025-10,2025-10-31,Organic Search,APAC,800,USD,Marketing,false
2025-10,2025-10-31,AI Assistant Referral,EMEA,400,USD,Marketing,false
2025-10,2025-10-31,AI Assistant Referral,APAC,400,USD,Marketing,false
2025-10,2025-10-31,AI Assistant Referral,LATAM,400,USD,Marketing,false
2025-10,2025-10-31,Docs & Quickstarts,EMEA,400,USD,Marketing,false
2025-10,2025-10-31,Developer Community,AMER,600,USD,Marketing,false
2025-10,2025-10-31,Developer Community,LATAM,400,USD,Marketing,false
2025-10,2025-10-31,Webinar,AMER,1700,USD,Marketing,false
2025-10,2025-10-31,Webinar,APAC,800,USD,Marketing,false
2025-10,2025-10-31,Conference,EMEA,5000,USD,Marketing,true
2025-10,2025-10-31,Conference,LATAM,600,USD,Marketing,true
2025-10,2025-10-31,Outbound Sequence,AMER,6150,USD,Sales Development,false
2025-10,2025-10-31,Outbound Sequence,LATAM,450,USD,Sales Development,false
2025-10,2025-10-31,Partner / Marketplace,AMER,1650,USD,Marketing,false
2025-10,2025-10-31,Partner / Marketplace,EMEA,1000,USD,Marketing,false
2025-10,2025-10-31,Partner / Marketplace,APAC,400,USD,Marketing,false
2025-11,2025-11-30,Paid Search,EMEA,4350,USD,Marketing,true
2025-11,2025-11-30,Paid Search,APAC,3150,USD,Marketing,true
2025-11,2025-11-30,Paid Search,LATAM,950,USD,Marketing,true
2025-11,2025-11-30,Paid Social,EMEA,2800,USD,Marketing,true
2025-11,2025-11-30,Paid Social,LATAM,550,USD,Marketing,true
2025-11,2025-11-30,Organic Search,APAC,500,USD,Marketing,false
2025-11,2025-11-30,AI Assistant Referral,AMER,550,USD,Marketing,false
2025-11,2025-11-30,AI Assistant Referral,EMEA,400,USD,Marketing,false
2025-11,2025-11-30,Docs & Quickstarts,APAC,400,USD,Marketing,false
2025-11,2025-11-30,Developer Community,AMER,450,USD,Marketing,false
2025-11,2025-11-30,Developer Community,EMEA,400,USD,Marketing,false
2025-11,2025-11-30,Developer Community,APAC,400,USD,Marketing,false
2025-11,2025-11-30,Developer Community,LATAM,400,USD,Marketing,false
2025-11,2025-11-30,Webinar,EMEA,1200,USD,Marketing,false
2025-11,2025-11-30,Conference,AMER,5500,USD,Marketing,true
2025-11,2025-11-30,Conference,EMEA,2600,USD,Marketing,true
2025-11,2025-11-30,Conference,LATAM,900,USD,Marketing,true
2025-11,2025-11-30,Outbound Sequence,AMER,5750,USD,Sales Development,false
2025-11,2025-11-30,Outbound Sequence,EMEA,3800,USD,Sales Development,false
2025-11,2025-11-30,Outbound Sequence,APAC,3600,USD,Sales Development,false
2025-11,2025-11-30,Outbound Sequence,LATAM,900,USD,Sales Development,false
2025-11,2025-11-30,Partner / Marketplace,AMER,1550,USD,Marketing,false
2025-11,2025-11-30,Partner / Marketplace,LATAM,400,USD,Marketing,false
2025-11,2025-11-30,Customer Referral,AMER,450,USD,Marketing,false
2025-11,2025-11-30,Customer Referral,APAC,400,USD,Marketing,false
2025-11,2025-11-30,Customer Referral,LATAM,400,USD,Marketing,false
2025-12,2025-12-31,Paid Search,AMER,6350,USD,Marketing,true
2025-12,2025-12-31,Paid Search,APAC,4450,USD,Marketing,true
2025-12,2025-12-31,Organic Search,EMEA,1250,USD,Marketing,false
2025-12,2025-12-31,Organic Search,LATAM,400,USD,Marketing,false
2025-12,2025-12-31,AI Assistant Referral,AMER,550,USD,Marketing,false
2025-12,2025-12-31,Docs & Quickstarts,AMER,400,USD,Marketing,false
2025-12,2025-12-31,Docs & Quickstarts,EMEA,400,USD,Marketing,false
2025-12,2025-12-31,Docs & Quickstarts,LATAM,400,USD,Marketing,false
2025-12,2025-12-31,Developer Community,AMER,650,USD,Marketing,false
2025-12,2025-12-31,Developer Community,LATAM,400,USD,Marketing,false
2025-12,2025-12-31,Webinar,APAC,900,USD,Marketing,false
2025-12,2025-12-31,Outbound Sequence,EMEA,5300,USD,Sales Development,false
2025-12,2025-12-31,Partner / Marketplace,AMER,2000,USD,Marketing,false
2025-12,2025-12-31,Partner / Marketplace,EMEA,850,USD,Marketing,false
2025-12,2025-12-31,Partner / Marketplace,LATAM,400,USD,Marketing,false
2025-12,2025-12-31,Customer Referral,APAC,400,USD,Marketing,false
2025-12,2025-12-31,Customer Referral,LATAM,400,USD,Marketing,false
2026-01,2026-01-31,Paid Search,APAC,2750,USD,Marketing,true
2026-01,2026-01-31,Paid Social,AMER,3700,USD,Marketing,true
2026-01,2026-01-31,Paid Social,EMEA,2500,USD,Marketing,true
2026-01,2026-01-31,Paid Social,APAC,2000,USD,Marketing,true
2026-01,2026-01-31,Paid Social,LATAM,400,USD,Marketing,true
2026-01,2026-01-31,Organic Search,APAC,550,USD,Marketing,false
2026-01,2026-01-31,AI Assistant Referral,EMEA,400,USD,Marketing,false
2026-01,2026-01-31,AI Assistant Referral,APAC,400,USD,Marketing,false
2026-01,2026-01-31,Docs & Quickstarts,AMER,600,USD,Marketing,false
2026-01,2026-01-31,Docs & Quickstarts,EMEA,400,USD,Marketing,false
2026-01,2026-01-31,Docs & Quickstarts,APAC,400,USD,Marketing,false
2026-01,2026-01-31,Developer Community,AMER,500,USD,Marketing,false
2026-01,2026-01-31,Developer Community,LATAM,400,USD,Marketing,false
2026-01,2026-01-31,Webinar,AMER,2150,USD,Marketing,false
2026-01,2026-01-31,Webinar,EMEA,1200,USD,Marketing,false
2026-01,2026-01-31,Conference,AMER,7200,USD,Marketing,true
2026-01,2026-01-31,Conference,EMEA,3450,USD,Marketing,true
2026-01,2026-01-31,Conference,APAC,3100,USD,Marketing,true
2026-01,2026-01-31,Conference,LATAM,700,USD,Marketing,true
2026-01,2026-01-31,Outbound Sequence,AMER,6100,USD,Sales Development,false
2026-01,2026-01-31,Outbound Sequence,EMEA,4400,USD,Sales Development,false
2026-01,2026-01-31,Partner / Marketplace,AMER,1600,USD,Marketing,false
2026-01,2026-01-31,Partner / Marketplace,APAC,750,USD,Marketing,false
2026-01,2026-01-31,Partner / Marketplace,LATAM,400,USD,Marketing,false
2026-01,2026-01-31,Customer Referral,EMEA,400,USD,Marketing,false
2026-02,2026-02-28,Paid Search,APAC,2850,USD,Marketing,true
2026-02,2026-02-28,Paid Social,EMEA,2100,USD,Marketing,true
2026-02,2026-02-28,Organic Search,APAC,550,USD,Marketing,false
2026-02,2026-02-28,AI Assistant Referral,AMER,400,USD,Marketing,false
2026-02,2026-02-28,AI Assistant Referral,APAC,400,USD,Marketing,false
2026-02,2026-02-28,AI Assistant Referral,LATAM,400,USD,Marketing,false
2026-02,2026-02-28,Docs & Quickstarts,AMER,550,USD,Marketing,false
2026-02,2026-02-28,Docs & Quickstarts,EMEA,400,USD,Marketing,false
2026-02,2026-02-28,Docs & Quickstarts,APAC,400,USD,Marketing,false
2026-02,2026-02-28,Docs & Quickstarts,LATAM,400,USD,Marketing,false
2026-02,2026-02-28,Developer Community,EMEA,400,USD,Marketing,false
2026-02,2026-02-28,Developer Community,LATAM,400,USD,Marketing,false
2026-02,2026-02-28,Webinar,APAC,850,USD,Marketing,false
2026-02,2026-02-28,Webinar,LATAM,400,USD,Marketing,false
2026-02,2026-02-28,Conference,AMER,7550,USD,Marketing,true
2026-02,2026-02-28,Conference,APAC,2350,USD,Marketing,true
2026-02,2026-02-28,Conference,LATAM,800,USD,Marketing,true
2026-02,2026-02-28,Outbound Sequence,APAC,2800,USD,Sales Development,false
2026-02,2026-02-28,Outbound Sequence,LATAM,650,USD,Sales Development,false
2026-02,2026-02-28,Partner / Marketplace,LATAM,400,USD,Marketing,false
2026-02,2026-02-28,Customer Referral,AMER,500,USD,Marketing,false
2026-02,2026-02-28,Customer Referral,APAC,400,USD,Marketing,false
2026-02,2026-02-28,Customer Referral,LATAM,400,USD,Marketing,false
2026-03,2026-03-31,Paid Search,AMER,11000,USD,Marketing,true
2026-03,2026-03-31,Paid Search,EMEA,5600,USD,Marketing,true
2026-03,2026-03-31,Paid Social,AMER,5900,USD,Marketing,true
2026-03,2026-03-31,Paid Social,EMEA,2400,USD,Marketing,true
2026-03,2026-03-31,Paid Social,APAC,1700,USD,Marketing,true
2026-03,2026-03-31,Paid Social,LATAM,400,USD,Marketing,true
2026-03,2026-03-31,Organic Search,AMER,1250,USD,Marketing,false
2026-03,2026-03-31,Organic Search,APAC,550,USD,Marketing,false
2026-03,2026-03-31,Organic Search,LATAM,400,USD,Marketing,false
2026-03,2026-03-31,AI Assistant Referral,APAC,400,USD,Marketing,false
2026-03,2026-03-31,AI Assistant Referral,LATAM,400,USD,Marketing,false
2026-03,2026-03-31,Docs & Quickstarts,AMER,400,USD,Marketing,false
2026-03,2026-03-31,Developer Community,AMER,550,USD,Marketing,false
2026-03,2026-03-31,Developer Community,EMEA,450,USD,Marketing,false
2026-03,2026-03-31,Developer Community,APAC,400,USD,Marketing,false
2026-03,2026-03-31,Webinar,EMEA,1100,USD,Marketing,false
2026-03,2026-03-31,Conference,AMER,5950,USD,Marketing,true
2026-03,2026-03-31,Conference,EMEA,5600,USD,Marketing,true
2026-03,2026-03-31,Conference,APAC,2100,USD,Marketing,true
2026-03,2026-03-31,Outbound Sequence,AMER,7100,USD,Sales Development,false
2026-03,2026-03-31,Outbound Sequence,LATAM,550,USD,Sales Development,false
2026-03,2026-03-31,Partner / Marketplace,EMEA,1050,USD,Marketing,false
2026-03,2026-03-31,Customer Referral,EMEA,400,USD,Marketing,false
2026-03,2026-03-31,Customer Referral,APAC,400,USD,Marketing,false
2026-04,2026-04-30,Paid Search,AMER,8400,USD,Marketing,true
2026-04,2026-04-30,Organic Search,AMER,1100,USD,Marketing,false
2026-04,2026-04-30,Organic Search,EMEA,900,USD,Marketing,false
2026-04,2026-04-30,Organic Search,APAC,750,USD,Marketing,false
2026-04,2026-04-30,AI Assistant Referral,EMEA,400,USD,Marketing,false
2026-04,2026-04-30,AI Assistant Referral,APAC,400,USD,Marketing,false
2026-04,2026-04-30,AI Assistant Referral,LATAM,400,USD,Marketing,false
2026-04,2026-04-30,Docs & Quickstarts,EMEA,400,USD,Marketing,false
2026-04,2026-04-30,Docs & Quickstarts,APAC,400,USD,Marketing,false
2026-04,2026-04-30,Developer Community,EMEA,400,USD,Marketing,false
2026-04,2026-04-30,Developer Community,APAC,400,USD,Marketing,false
2026-04,2026-04-30,Webinar,LATAM,400,USD,Marketing,false
2026-04,2026-04-30,Conference,EMEA,3850,USD,Marketing,true
2026-04,2026-04-30,Conference,APAC,2500,USD,Marketing,true
2026-04,2026-04-30,Conference,LATAM,900,USD,Marketing,true
2026-04,2026-04-30,Outbound Sequence,EMEA,4650,USD,Sales Development,false
2026-04,2026-04-30,Outbound Sequence,APAC,3250,USD,Sales Development,false
2026-04,2026-04-30,Partner / Marketplace,EMEA,900,USD,Marketing,false
2026-04,2026-04-30,Partner / Marketplace,LATAM,400,USD,Marketing,false
2026-04,2026-04-30,Customer Referral,EMEA,400,USD,Marketing,false
2026-04,2026-04-30,Customer Referral,LATAM,400,USD,Marketing,false
2026-05,2026-05-31,Paid Search,AMER,5950,USD,Marketing,true
2026-05,2026-05-31,Paid Search,EMEA,5250,USD,Marketing,true
2026-05,2026-05-31,Paid Social,EMEA,3000,USD,Marketing,true
2026-05,2026-05-31,Paid Social,APAC,1700,USD,Marketing,true
2026-05,2026-05-31,Paid Social,LATAM,400,USD,Marketing,true
2026-05,2026-05-31,Organic Search,APAC,750,USD,Marketing,false
2026-05,2026-05-31,Organic Search,LATAM,400,USD,Marketing,false
2026-05,2026-05-31,Docs & Quickstarts,LATAM,400,USD,Marketing,false
2026-05,2026-05-31,Developer Community,APAC,400,USD,Marketing,false
2026-05,2026-05-31,Webinar,AMER,1600,USD,Marketing,false
2026-05,2026-05-31,Webinar,EMEA,1100,USD,Marketing,false
2026-05,2026-05-31,Conference,AMER,4500,USD,Marketing,true
2026-05,2026-05-31,Conference,APAC,3150,USD,Marketing,true
2026-05,2026-05-31,Conference,LATAM,700,USD,Marketing,true
2026-05,2026-05-31,Outbound Sequence,LATAM,1000,USD,Sales Development,false
2026-05,2026-05-31,Partner / Marketplace,APAC,700,USD,Marketing,false
2026-05,2026-05-31,Customer Referral,EMEA,400,USD,Marketing,false
2026-05,2026-05-31,Customer Referral,APAC,400,USD,Marketing,false
2026-05,2026-05-31,Customer Referral,LATAM,400,USD,Marketing,false
2026-06,2026-06-30,Paid Search,EMEA,7650,USD,Marketing,true
2026-06,2026-06-30,Paid Search,APAC,5100,USD,Marketing,true
2026-06,2026-06-30,Paid Search,LATAM,900,USD,Marketing,true
2026-06,2026-06-30,Paid Social,AMER,3350,USD,Marketing,true
2026-06,2026-06-30,Paid Social,EMEA,2250,USD,Marketing,true
2026-06,2026-06-30,Paid Social,LATAM,500,USD,Marketing,true
2026-06,2026-06-30,Organic Search,AMER,1200,USD,Marketing,false
2026-06,2026-06-30,Organic Search,EMEA,950,USD,Marketing,false
2026-06,2026-06-30,Organic Search,APAC,950,USD,Marketing,false
2026-06,2026-06-30,Organic Search,LATAM,400,USD,Marketing,false
2026-06,2026-06-30,AI Assistant Referral,LATAM,400,USD,Marketing,false
2026-06,2026-06-30,Docs & Quickstarts,AMER,500,USD,Marketing,false
2026-06,2026-06-30,Docs & Quickstarts,APAC,400,USD,Marketing,false
2026-06,2026-06-30,Developer Community,AMER,450,USD,Marketing,false
2026-06,2026-06-30,Webinar,EMEA,1500,USD,Marketing,false
2026-06,2026-06-30,Webinar,LATAM,400,USD,Marketing,false
2026-06,2026-06-30,Conference,EMEA,4300,USD,Marketing,true
2026-06,2026-06-30,Conference,APAC,2900,USD,Marketing,true
2026-06,2026-06-30,Partner / Marketplace,AMER,1900,USD,Marketing,false
2026-06,2026-06-30,Partner / Marketplace,EMEA,1050,USD,Marketing,false
2026-06,2026-06-30,Partner / Marketplace,APAC,650,USD,Marketing,false
2026-06,2026-06-30,Partner / Marketplace,LATAM,400,USD,Marketing,false
2026-06,2026-06-30,Customer Referral,AMER,650,USD,Marketing,false
2026-06,2026-06-30,Customer Referral,EMEA,400,USD,Marketing,false
2026-06,2026-06-30,Customer Referral,LATAM,400,USD,Marketing,false
2026-07,2026-07-31,Paid Search,AMER,8550,USD,Marketing,true
2026-07,2026-07-31,Paid Social,AMER,3700,USD,Marketing,true
2026-07,2026-07-31,Paid Social,EMEA,2750,USD,Marketing,true
2026-07,2026-07-31,Organic Search,AMER,1350,USD,Marketing,false
2026-07,2026-07-31,Organic Search,APAC,700,USD,Marketing,false
2026-07,2026-07-31,AI Assistant Referral,EMEA,400,USD,Marketing,false
2026-07,2026-07-31,Docs & Quickstarts,EMEA,400,USD,Marketing,false
2026-07,2026-07-31,Docs & Quickstarts,APAC,400,USD,Marketing,false
2026-07,2026-07-31,Developer Community,EMEA,400,USD,Marketing,false
2026-07,2026-07-31,Developer Community,LATAM,400,USD,Marketing,false
2026-07,2026-07-31,Webinar,EMEA,1850,USD,Marketing,false
2026-07,2026-07-31,Webinar,APAC,600,USD,Marketing,false
2026-07,2026-07-31,Conference,AMER,4650,USD,Marketing,true
2026-07,2026-07-31,Conference,EMEA,4650,USD,Marketing,true
2026-07,2026-07-31,Conference,APAC,3100,USD,Marketing,true
2026-07,2026-07-31,Conference,LATAM,700,USD,Marketing,true
2026-07,2026-07-31,Outbound Sequence,AMER,7900,USD,Sales Development,false
2026-07,2026-07-31,Outbound Sequence,EMEA,3150,USD,Sales Development,false
2026-07,2026-07-31,Partner / Marketplace,LATAM,400,USD,Marketing,false
2026-07,2026-07-31,Customer Referral,AMER,500,USD,Marketing,false
2026-08,2026-08-31,Paid Search,EMEA,6350,USD,Marketing,true
2026-08,2026-08-31,Paid Search,APAC,3700,USD,Marketing,true
2026-08,2026-08-31,Paid Search,LATAM,800,USD,Marketing,true
2026-08,2026-08-31,Paid Social,AMER,4650,USD,Marketing,true
2026-08,2026-08-31,Paid Social,LATAM,450,USD,Marketing,true
2026-08,2026-08-31,Organic Search,EMEA,950,USD,Marketing,false
2026-08,2026-08-31,Organic Search,LATAM,400,USD,Marketing,false
2026-08,2026-08-31,AI Assistant Referral,AMER,400,USD,Marketing,false
2026-08,2026-08-31,AI Assistant Referral,APAC,400,USD,Marketing,false
2026-08,2026-08-31,Developer Community,APAC,400,USD,Marketing,false
2026-08,2026-08-31,Developer Community,LATAM,400,USD,Marketing,false
2026-08,2026-08-31,Webinar,EMEA,1500,USD,Marketing,false
2026-08,2026-08-31,Webinar,LATAM,400,USD,Marketing,false
2026-08,2026-08-31,Conference,EMEA,4350,USD,Marketing,true
2026-08,2026-08-31,Outbound Sequence,APAC,2400,USD,Sales Development,false
2026-08,2026-08-31,Partner / Marketplace,EMEA,1100,USD,Marketing,false
2026-08,2026-08-31,Partner / Marketplace,APAC,600,USD,Marketing,false
2026-08,2026-08-31,Partner / Marketplace,LATAM,400,USD,Marketing,false
2026-08,2026-08-31,Customer Referral,AMER,550,USD,Marketing,false
2026-09,2026-09-30,Paid Search,AMER,6750,USD,Marketing,true
2026-09,2026-09-30,Paid Search,LATAM,1000,USD,Marketing,true
2026-09,2026-09-30,Paid Social,AMER,5350,USD,Marketing,true
2026-09,2026-09-30,Paid Social,EMEA,3050,USD,Marketing,true
2026-09,2026-09-30,Paid Social,APAC,1750,USD,Marketing,true
2026-09,2026-09-30,Organic Search,APAC,800,USD,Marketing,false
2026-09,2026-09-30,Organic Search,LATAM,400,USD,Marketing,false
2026-09,2026-09-30,AI Assistant Referral,AMER,500,USD,Marketing,false
2026-09,2026-09-30,AI Assistant Referral,APAC,400,USD,Marketing,false
2026-09,2026-09-30,AI Assistant Referral,LATAM,400,USD,Marketing,false
2026-09,2026-09-30,Docs & Quickstarts,AMER,450,USD,Marketing,false
2026-09,2026-09-30,Docs & Quickstarts,EMEA,400,USD,Marketing,false
2026-09,2026-09-30,Docs & Quickstarts,APAC,400,USD,Marketing,false
2026-09,2026-09-30,Docs & Quickstarts,LATAM,400,USD,Marketing,false
2026-09,2026-09-30,Developer Community,EMEA,400,USD,Marketing,false
2026-09,2026-09-30,Developer Community,LATAM,400,USD,Marketing,false
2026-09,2026-09-30,Webinar,EMEA,1700,USD,Marketing,false
2026-09,2026-09-30,Webinar,APAC,650,USD,Marketing,false
2026-09,2026-09-30,Conference,AMER,6050,USD,Marketing,true
2026-09,2026-09-30,Conference,EMEA,4650,USD,Marketing,true
2026-09,2026-09-30,Conference,APAC,2900,USD,Marketing,true
2026-09,2026-09-30,Partner / Marketplace,LATAM,400,USD,Marketing,false
2026-09,2026-09-30,Customer Referral,AMER,550,USD,Marketing,false
2026-09,2026-09-30,Customer Referral,EMEA,400,USD,Marketing,false
2026-09,2026-09-30,Customer Referral,APAC,400,USD,Marketing,false
2026-09,2026-09-30,Customer Referral,LATAM,400,USD,Marketing,false
