OwnerId,OwnerName,Role,Segment,Region,Manager,StartDate,RampStatus,TenureMonths,AnnualQuota,IsActive
U-001,Sana Brandt,AE,Mid-Market,AMER,Dana Whitfield,2026-05-25,Partial,4,900000,true
U-002,Diego Bright,AE,Strategic,EMEA,Dana Whitfield,2023-11-10,Full,35,2160000,false
U-003,Clara Qureshi,AE,SMB,AMER,Paul Okafor,2025-10-02,Full,12,540000,true
U-004,Clara Brandt,AE,Strategic,EMEA,Ines Kovac,2023-12-06,Full,34,2160000,true
U-005,Maya Diallo,AE,SMB,EMEA,Dana Whitfield,2024-05-06,Full,29,540000,true
U-006,Zara Hale,AE,SMB,LATAM,Paul Okafor,2025-03-10,Full,19,540000,true
U-007,Ben Hale,AE,Mid-Market,APAC,Ines Kovac,2025-01-10,Full,21,900000,true
U-008,Felix Lindqvist,AE,Strategic,LATAM,Ines Kovac,2024-04-16,Full,30,2160000,true
U-009,Zara Chen,AE,Mid-Market,EMEA,Dana Whitfield,2024-08-16,Full,26,900000,true
U-010,Ana Iyer,AE,Enterprise,EMEA,Dana Whitfield,2023-10-07,Full,36,1530000,true
U-011,Ben Moreno,AE,Mid-Market,EMEA,Ines Kovac,2025-05-24,Full,16,900000,true
U-012,Kwame Berg,AE,Mid-Market,EMEA,Paul Okafor,2024-06-23,Full,28,900000,true
U-013,Kwame Okafor,AE,Enterprise,AMER,Paul Okafor,2024-11-17,Full,23,1530000,true
U-014,Priya Hale,AE,SMB,AMER,Paul Okafor,2024-03-14,Full,31,540000,false
U-015,Felix Lindqvist,SDR,Enterprise,AMER,Ines Kovac,2023-11-10,Full,35,0,true
U-016,Sana Tanaka,SDR,Enterprise,APAC,Paul Okafor,2026-05-27,Partial,4,0,true
U-017,Noah Iyer,SDR,SMB,AMER,Paul Okafor,2024-01-24,Full,33,0,true
U-018,Priya Lindqvist,SDR,Enterprise,APAC,Dana Whitfield,2026-05-23,Partial,4,0,true
U-019,Elena Kovac,SDR,Strategic,AMER,Paul Okafor,2023-02-23,Full,44,0,true
U-020,Priya Kovac,SDR,SMB,APAC,Paul Okafor,2025-01-13,Full,21,0,true
U-021,Sana Brandt,SDR,Mid-Market,EMEA,Ines Kovac,2025-08-03,Full,14,0,true
U-022,Nina Chen,SDR,Mid-Market,AMER,Ines Kovac,2026-03-27,Full,6,0,true
U-023,Diego Shaw,BDR,Mid-Market,LATAM,Dana Whitfield,2023-11-24,Full,35,0,true
U-024,Victor Kovac,BDR,Mid-Market,APAC,Dana Whitfield,2024-09-11,Full,25,0,true
U-025,Omar Almeida,BDR,Mid-Market,APAC,Dana Whitfield,2023-05-27,Full,41,0,true
U-026,Clara Nair,BDR,SMB,APAC,Ines Kovac,2025-09-19,Full,13,0,true
U-027,Sofia Fischer,BDR,Strategic,APAC,Paul Okafor,2024-05-03,Full,29,0,true
U-028,Hannah Iyer,SE,Enterprise,AMER,Ines Kovac,2025-07-04,Full,15,0,true
U-029,Noah Diallo,SE,SMB,EMEA,Ines Kovac,2024-12-31,Full,21,0,true
U-030,Hannah Bright,SE,Strategic,EMEA,Ines Kovac,2025-11-09,Full,11,0,true
U-031,Sana Petrova,SE,SMB,EMEA,Ines Kovac,2025-08-23,Full,13,0,true
U-032,Priya Silva,SE,Mid-Market,APAC,Ines Kovac,2024-04-07,Full,30,0,true
U-033,Sofia Whitfield,SE,Enterprise,AMER,Dana Whitfield,2023-05-11,Full,41,0,true
U-034,Kwame Okafor,CSM,SMB,EMEA,Paul Okafor,2023-04-24,Full,42,0,true
U-035,Sana Shaw,CSM,Enterprise,EMEA,Ines Kovac,2024-05-04,Full,29,0,true
U-036,Ishaan Okafor,CSM,Enterprise,LATAM,Paul Okafor,2025-07-31,Full,14,0,true
U-037,Zara Haddad,CSM,Mid-Market,EMEA,Ines Kovac,2024-06-17,Full,28,0,true
U-038,Noah Diallo,CSM,Mid-Market,APAC,Ines Kovac,2024-08-30,Full,25,0,true
U-039,Felix Ortega,CSM,SMB,AMER,Paul Okafor,2026-05-08,Partial,5,0,true
U-040,Victor Ahmed,CSM,SMB,AMER,Ines Kovac,2025-10-05,Full,12,0,true
