CampaignId,CampaignName,Channel,Type,Region,StartDate,EndDate,IsActive,Spend,Impressions,Clicks,Leads,MQLs,SQLs,OpportunitiesCreated,PipelineAmount,ClosedWonAmount,CostPerLead,CostPerMQL,PipelineROI,CostPerOpportunity,MarketingROI,LeadToOppRatePct
CMP-001,Salesforce Event Follow-up — AMER 2026-02,Paid Search,Advertisement,AMER,2026-02-23,2026-06-03,false,8000,541507,16480,51,33,16,5,167100,2100,156.86,242.42,20.89,1600,0.26,9.8
CMP-002,Reports-to-CRMA Migration — AMER 2025-08,Paid Search,Advertisement,AMER,2025-08-25,2025-10-06,false,10500,1742222,51349,76,60,34,21,1784800,11800,138.16,175,169.98,500,1.12,27.6
CMP-003,Free Course Launch — EMEA 2025-12,Paid Search,Advertisement,EMEA,2025-12-07,2026-03-02,false,7500,335237,8866,64,50,28,15,1928300,284200,117.19,150,257.11,500,37.89,23.4
CMP-004,Q3 Pipeline Push — AMER 2025-11,Paid Search,Advertisement,AMER,2025-11-15,2025-12-24,false,10500,2462073,47705,61,43,26,15,2280600,60800,172.13,244.19,217.2,700,5.79,24.6
CMP-005,Certification Season — AMER 2025-12,Paid Search,Advertisement,AMER,2025-12-09,2026-04-30,false,9000,879832,12657,57,38,25,13,155900,29900,157.89,236.84,17.32,692.31,3.32,22.8
CMP-006,AI Search Visibility — AMER 2026-02,Paid Search,Advertisement,AMER,2026-02-16,2026-03-30,false,9000,924698,24493,68,46,23,10,680800,101800,132.35,195.65,75.64,900,11.31,14.7
CMP-007,Admin to Analyst Path — EMEA 2025-05,Paid Social,Advertisement,EMEA,2025-05-28,2025-09-15,false,5000,865763,18001,64,32,17,13,656100,79000,78.13,156.25,131.22,384.62,15.8,20.3
CMP-008,Admin to Analyst Path — EMEA 2026-02,Paid Social,Advertisement,EMEA,2026-02-22,2026-06-28,false,7000,1941022,40883,61,32,17,6,1139100,66300,114.75,218.75,162.73,1166.67,9.47,9.8
CMP-009,Salesforce Event Follow-up — AMER 2026-01,Paid Social,Advertisement,AMER,2026-01-06,2026-04-05,false,5500,1427485,36409,56,28,13,8,411400,1400,98.21,196.43,74.8,687.5,0.25,14.3
CMP-010,Certification Season — LATAM 2025-06,Paid Social,Advertisement,LATAM,2025-06-02,2025-10-23,false,5500,623895,11818,60,32,22,14,784500,236900,91.67,171.88,142.64,392.86,43.07,23.3
CMP-011,Admin to Analyst Path — LATAM 2025-04,Organic Search,Content,LATAM,2025-04-06,2025-05-18,false,1500,137817,10653,74,56,34,18,3269300,78800,20.27,26.79,2179.53,83.33,52.53,24.3
CMP-012,AI Search Visibility — AMER 2026-07,Organic Search,Content,AMER,2026-07-10,2026-09-01,false,1500,82946,7166,58,47,29,15,454400,290800,25.86,31.91,302.93,100,193.87,25.9
CMP-013,Team Upskilling Offer — LATAM 2026-01,Organic Search,Content,LATAM,2026-01-10,2026-05-02,false,1000,73869,4754,46,31,17,10,1404100,301200,21.74,32.26,1404.1,100,301.2,21.7
CMP-014,Einstein Discovery Workshop — APAC 2025-09,Organic Search,Content,APAC,2025-09-01,2026-01-21,false,1000,90118,7563,61,41,28,14,769200,89000,16.39,24.39,769.2,71.43,89,23
CMP-015,Reports-to-CRMA Migration — AMER 2025-11,Organic Search,Content,AMER,2025-11-18,2026-03-21,false,1000,130766,6632,54,39,18,7,40300,2200,18.52,25.64,40.3,142.86,2.2,13
CMP-016,Dashboard Makeover Challenge — AMER 2026-04,Organic Search,Content,AMER,2026-04-17,2026-05-13,false,1500,199304,23064,62,47,29,16,1512900,51100,24.19,31.91,1008.6,93.75,34.07,25.8
CMP-017,SAQL Masterclass — AMER 2026-05,Organic Search,Content,AMER,2026-05-02,2026-09-06,false,1500,44999,4991,60,38,25,9,847400,11600,25,39.47,564.93,166.67,7.73,15
CMP-018,Free Course Launch — AMER 2025-11,Organic Search,Content,AMER,2025-11-23,2026-01-16,false,1500,213911,20901,64,43,19,11,2328800,0,23.44,34.88,1552.53,136.36,0,17.2
CMP-019,Reports-to-CRMA Migration — APAC 2026-02,AI Assistant Referral,Content,APAC,2026-02-25,2026-05-04,false,500,64671,2826,56,37,16,7,45000,24000,8.93,13.51,90,71.43,48,12.5
CMP-020,Dashboard Makeover Challenge — AMER 2025-12,AI Assistant Referral,Content,AMER,2025-12-17,2026-03-04,false,1000,121765,11891,50,33,19,8,443800,500,20,30.3,443.8,125,0.5,16
CMP-021,SAQL Masterclass — LATAM 2025-09,AI Assistant Referral,Content,LATAM,2025-09-21,2026-01-04,false,1000,148705,13819,54,38,20,7,113300,64700,18.52,26.32,113.3,142.86,64.7,13
CMP-022,Dashboard Makeover Challenge — AMER 2025-10,AI Assistant Referral,Content,AMER,2025-10-09,2026-01-31,false,1000,128235,7693,59,41,25,12,599200,191600,16.95,24.39,599.2,83.33,191.6,20.3
CMP-023,Dashboard Makeover Challenge — AMER 2025-06,Free Course,Product,AMER,2025-06-21,2025-07-21,false,500,194885,12244,55,40,24,8,145400,25900,9.09,12.5,290.8,62.5,51.8,14.5
CMP-024,Team Upskilling Offer — AMER 2025-05,Free Course,Product,AMER,2025-05-08,2025-07-08,false,500,129005,12975,46,33,23,15,1333000,70400,10.87,15.15,2666,33.33,140.8,32.6
CMP-025,Certification Season — EMEA 2025-09,Free Course,Product,EMEA,2025-09-07,2025-11-22,false,500,188032,22609,46,33,17,5,807800,40200,10.87,15.15,1615.6,100,80.4,10.9
CMP-026,Reports-to-CRMA Migration — AMER 2025-08,Free Course,Product,AMER,2025-08-25,2025-10-13,false,500,39102,2153,71,55,31,16,978200,375900,7.04,9.09,1956.4,31.25,751.8,22.5
CMP-027,Q3 Pipeline Push — APAC 2025-05,Free Course,Product,APAC,2025-05-19,2025-06-25,false,500,12102,1491,66,49,17,7,110000,86200,7.58,10.2,220,71.43,172.4,10.6
CMP-028,Certification Season — AMER 2025-11,Free Course,Product,AMER,2025-11-13,2026-04-06,false,500,87199,5370,73,52,33,20,1289500,194600,6.85,9.62,2579,25,389.2,27.4
CMP-029,Classroom Batch Push — EMEA 2025-11,Salesforce Community,Community,EMEA,2025-11-17,2026-04-01,false,1500,111266,5423,71,51,29,19,853200,6700,21.13,29.41,568.8,78.95,4.47,26.8
CMP-030,SAQL Masterclass — AMER 2025-08,Salesforce Community,Community,AMER,2025-08-13,2025-11-17,false,1000,55936,5987,77,58,37,18,2540100,330600,12.99,17.24,2540.1,55.56,330.6,23.4
CMP-031,Admin to Analyst Path — EMEA 2026-07,Salesforce Community,Community,EMEA,2026-07-05,2026-08-03,false,1500,145260,7270,60,41,27,10,213800,116600,25,36.59,142.53,150,77.73,16.7
CMP-032,Salesforce Event Follow-up — AMER 2025-12,Webinar,Webinar,AMER,2025-12-30,2026-04-29,false,3500,188211,16393,49,24,10,6,93500,29000,71.43,145.83,26.71,583.33,8.29,12.2
CMP-033,Admin to Analyst Path — EMEA 2026-07,Webinar,Webinar,EMEA,2026-07-24,2026-09-23,false,3000,112565,12427,48,21,12,7,128700,23800,62.5,142.86,42.9,428.57,7.93,14.6
CMP-034,Salesforce Event Follow-up — EMEA 2026-03,Webinar,Webinar,EMEA,2026-03-12,2026-05-11,false,3500,94049,7549,56,38,22,9,518400,461300,62.5,92.11,148.11,388.89,131.8,16.1
CMP-035,Dashboard Makeover Challenge — EMEA 2026-05,Conference,Conference,EMEA,2026-05-07,2026-08-02,false,32500,101838,7654,85,48,25,15,527700,69000,382.35,677.08,16.24,2166.67,2.12,17.6
CMP-036,Einstein Discovery Workshop — AMER 2026-04,Conference,Conference,AMER,2026-04-26,2026-05-31,false,29500,167429,9921,86,43,19,11,405800,109200,343.02,686.05,13.76,2681.82,3.7,12.8
CMP-037,Team Upskilling Offer — EMEA 2025-04,Outbound Sequence,Outbound,EMEA,2025-04-30,2025-06-04,false,10000,158216,12272,60,26,15,7,156600,51900,166.67,384.62,15.66,1428.57,5.19,11.7
CMP-038,Certification Season — AMER 2025-04,Outbound Sequence,Outbound,AMER,2025-04-04,2025-06-08,false,10500,148396,10780,72,32,12,4,522200,68700,145.83,328.13,49.73,2625,6.54,5.6
CMP-039,Reports-to-CRMA Migration — EMEA 2026-02,Outbound Sequence,Outbound,EMEA,2026-02-03,2026-05-27,false,13500,66405,3032,64,28,16,7,977700,66400,210.94,482.14,72.42,1928.57,4.92,10.9
CMP-040,AI Search Visibility — AMER 2026-05,Outbound Sequence,Outbound,AMER,2026-05-06,2026-07-05,false,14500,57644,7340,77,33,16,8,1449500,730200,188.31,439.39,99.97,1812.5,50.36,10.4
CMP-041,Reports-to-CRMA Migration — AMER 2025-04,Outbound Sequence,Outbound,AMER,2025-04-17,2025-06-15,false,10000,78652,5945,61,17,11,3,256600,255100,163.93,588.24,25.66,3333.33,25.51,4.9
CMP-042,Certification Season — AMER 2025-04,SI Partner Referral,Partner,AMER,2025-04-19,2025-05-17,false,2500,25037,1906,55,35,19,10,275700,66600,45.45,71.43,110.28,250,26.64,18.2
CMP-043,SAQL Masterclass — APAC 2026-01,SI Partner Referral,Partner,APAC,2026-01-03,2026-01-28,false,3000,133850,15650,46,31,18,10,482500,21800,65.22,96.77,160.83,300,7.27,21.7
CMP-044,Reports-to-CRMA Migration — AMER 2025-06,SI Partner Referral,Partner,AMER,2025-06-16,2025-10-06,false,3500,35030,4183,54,37,20,13,439700,406000,64.81,94.59,125.63,269.23,116,24.1
CMP-045,Einstein Discovery Workshop — AMER 2025-09,Customer Referral,Referral,AMER,2025-09-12,2025-12-17,false,1500,57359,6621,52,37,24,11,1255500,17300,28.85,40.54,837,136.36,11.53,21.2
CMP-046,Certification Season — AMER 2026-03,Customer Referral,Referral,AMER,2026-03-15,2026-05-17,false,1000,186387,19218,54,36,21,13,1647100,2300,18.52,27.78,1647.1,76.92,2.3,24.1
